{"cameraMode":{"drawMode":0,"name":"Shaded","section":"Shading Mode"},"sceneLighting":true,"audioPlay":false,"sceneViewState":{"showFog":true,"showMaterialUpdate":false,"showSkybox":true,"showFlares":true,"showImageEffects":true,"showParticleSystems":true},"in2DMode":false,"pivot":{"x":-9.347733497619629,"y":-1.678034782409668,"z":3.7047414779663088},"rotation":{"x":0.2503739297389984,"y":0.5741207599639893,"z":-0.1901363879442215,"w":0.7560104727745056},"size":10.15463638305664,"orthographic":false}