{"cameraMode":{"drawMode":0,"name":"Shaded","section":"Shading Mode"},"sceneLighting":true,"audioPlay":false,"sceneViewState":{"showFog":true,"showMaterialUpdate":false,"showSkybox":true,"showFlares":true,"showImageEffects":true,"showParticleSystems":true},"in2DMode":false,"pivot":{"x":2.5525076389312746,"y":-2.009999990463257,"z":3.641993999481201},"rotation":{"x":-0.00993096549063921,"y":0.9630216956138611,"z":-0.26684513688087466,"w":-0.03584005683660507},"size":8.761979103088379,"orthographic":false}